id,name,dept
6000000000002,Paulita,1
6000000000003,Karina,1
6000000000004,Lindie,2
6000000000005,Lynnea,1
6000000000006,Eolanda,1
6000000000007,Candi,2
6000000000008,Brietta,2
6000000000009,Roslyn,3
6000000000010,Karolina,1
6000000000011,Tersina,1
6000000000012,Donnie,2
6000000000013,Tierney,1
6000000000014,Latisha,1
6000000000015,Myriam,1
6000000000016,Kenna,1
6000000000017,Caressa,1
6000000000018,Julieta,2
6000000000019,Emmey,2
6000000000020,Lelah,3
6000000000021,Kimmy,2
6000000000022,Ruthe,1
6000000000023,Amara,2
6000000000024,Eadie,3
6000000000025,Bill,3
6000000000026,Nikki,2
6000000000027,Correy,3
6000000000028,Quintina,2
6000000000029,Elora,1
6000000000030,Brandise,1
6000000000031,Marika,3
6000000000032,Esmeralda,2
6000000000033,Correy,1
6000000000034,Susette,1
6000000000035,Chickie,1
6000000000036,Elena,3
6000000000037,Shaine,2
6000000000038,Nessie,2
6000000000039,Hope,2
6000000000040,Brana,3
6000000000041,Minne,2
6000000000042,Maryellen,2
6000000000043,Steffane,3
6000000000044,Fred,1
6000000000045,Blondelle,1
6000000000046,Asia,2
6000000000047,Rochette,1
6000000000048,Arlena,2
6000000000049,Sadie,2
6000000000050,Misha,3
6000000000051,Brianna,1
6000000000052,Selia,3
6000000000053,Libbie,2
6000000000054,Dianemarie,3
6000000000055,Elvira,3
6000000000056,Edith,1
6000000000057,Ida,2
6000000000058,Leona,2
6000000000059,Alexine,1
6000000000060,Hayley,3
6000000000061,Helena,3
6000000000062,Carmencita,3
6000000000063,Jennica,1
6000000000064,Claresta,1
6000000000065,Cristabel,3
6000000000066,Kylynn,1
6000000000067,Charlena,3
6000000000068,Marnia,3
6000000000069,Desirae,2
6000000000070,Nataline,2
6000000000071,Max,3
6000000000072,Myrtice,1
6000000000073,Tonia,3
6000000000074,Kaia,3
6000000000075,Orsola,1
6000000000076,Patricia,2
6000000000077,Monika,2
6000000000078,Renae,2
6000000000079,Janenna,2
6000000000080,Lulita,3
6000000000081,Nanete,1
6000000000082,Stevana,3
6000000000083,Vonny,1
6000000000084,Cathie,2
6000000000085,Dorene,1
6000000000086,Danny,1
6000000000087,Pollyanna,1
6000000000088,Sarette,3
6000000000089,Darci,3
6000000000090,Orsola,1
6000000000091,Laurene,3
6000000000092,Jaime,1
6000000000093,Devina,2
6000000000094,Brana,1
6000000000095,Vevay,1
6000000000096,Thalia,3
6000000000097,Shaine,2
6000000000098,Yetty,3
6000000000099,Marcelline,1
6000000000100,Stevana,2
6000000000101,Henriette,2
6000000000102,Margarette,2
6000000000103,Dyann,3
6000000000104,Merle,2
6000000000105,Ginnie,1
6000000000106,Mariele,2
6000000000107,Linet,3
6000000000108,Shaylyn,1
6000000000109,Clary,3
6000000000110,Collen,3
6000000000111,Clary,2
6000000000112,Kore,1
6000000000113,Leeanne,2
6000000000114,Lita,1
6000000000115,Kellen,2
6000000000116,Clarice,3
6000000000117,Joeann,2
6000000000118,Hollie,1
6000000000119,Consuela,3
6000000000120,Arlina,2
6000000000121,Paola,2
6000000000122,Gertrud,3
6000000000123,Rosanne,1
6000000000124,Hettie,1
6000000000125,Emma,1
6000000000126,Daphne,1
6000000000127,Sindee,2
6000000000128,Rori,3
6000000000129,Valeda,2
6000000000130,Jobi,2
6000000000131,Cam,3
6000000000132,Layla,1
6000000000133,Caressa,1
6000000000134,Zondra,2
6000000000135,Babita,1
6000000000136,Ira,1
6000000000137,Krystle,1
6000000000138,Gloria,1
6000000000139,Valera,3
6000000000140,Henriette,1
6000000000141,Noelle,1
6000000000142,Lelah,1
6000000000143,Cathyleen,1
6000000000144,Dotty,3
6000000000145,Kial,3
6000000000146,Daphne,3
6000000000147,Dianemarie,1
6000000000148,Joane,3
6000000000149,Desirae,1
6000000000150,Paulita,1
6000000000151,Merci,1
6000000000152,Aigneis,2
6000000000153,Sybille,3
6000000000154,Aurelie,3
6000000000155,Nataline,2
6000000000156,Linzy,1
6000000000157,Vonny,2
6000000000158,Susette,1
6000000000159,Modestia,2
6000000000160,Edee,1
6000000000161,Amii,3
6000000000162,Fredericka,2
6000000000163,Mureil,3
6000000000164,Steffane,2
6000000000165,Gilda,1
6000000000166,Frances,1
6000000000167,Tami,3
6000000000168,Allis,1
6000000000169,Fidelia,3
6000000000170,Dale,1
6000000000171,Noelle,2
6000000000172,Stephanie,3
6000000000173,Joceline,2
6000000000174,Janis,1
6000000000175,Kary,1
6000000000176,Brena,2
6000000000177,Chastity,1
6000000000178,Gale,2
6000000000179,Janenna,1
6000000000180,Judy,1
6000000000181,Lusa,3
6000000000182,Fanchon,3
6000000000183,Carly,3
6000000000184,Adore,1
6000000000185,Lorie,3
6000000000186,Ekaterina,2
6000000000187,Sashenka,1
6000000000188,Cristabel,2
6000000000189,Heddie,1
6000000000190,Violet,3
6000000000191,Cathyleen,1
6000000000192,Ashlee,3
6000000000193,Zondra,1
6000000000194,Claudina,1
6000000000195,Kathi,1
6000000000196,Fidelia,1
6000000000197,Camile,2
6000000000198,Loree,2
6000000000199,Latisha,1
6000000000200,Kerrin,3
6000000000201,Belinda,2
6000000000202,Esmeralda,3
6000000000203,Ashlee,2
6000000000204,Roxane,1
6000000000205,June,1
6000000000206,Shannah,2
6000000000207,Marcelline,3
6000000000208,Dale,2
6000000000209,Tani,2
6000000000210,Alisha,2
6000000000211,Darci,2
6000000000212,Georgetta,3
6000000000213,Lelah,2
6000000000214,Elfreda,1
6000000000215,Patricia,3
6000000000216,Kirstin,3
6000000000217,Sonni,1
6000000000218,Ekaterina,2
6000000000219,Joceline,1
6000000000220,Ira,3
6000000000221,Ekaterina,3
6000000000222,Sophia,1
6000000000223,Mara,1
6000000000224,Elyssa,2
6000000000225,Annaliese,2
6000000000226,Karlee,2
6000000000227,Genevra,3
6000000000228,Maye,1
6000000000229,Tatiania,1
6000000000230,Valeda,1
6000000000231,Edith,1
6000000000232,Leeanne,2
6000000000233,Ernesta,3
6000000000234,Orelia,1
6000000000235,Beverley,1
6000000000236,Libbie,3
6000000000237,Hildegaard,3
6000000000238,Dennie,1
6000000000239,Nannie,3
6000000000240,Marita,2
6000000000241,Aimil,2
6000000000242,Deloria,2
6000000000243,Jessy,1
6000000000244,Kelly,3
6000000000245,Tilly,3
6000000000246,Ronna,1
6000000000247,Perry,1
6000000000248,Dagmar,3
6000000000249,Nariko,2
6000000000250,Courtnay,2
6000000000251,Lelah,1
6000000000252,Mathilda,3
6000000000253,Agnese,3
6000000000254,Diena,2
6000000000255,Kimberley,1
6000000000256,Violet,1
6000000000257,Gavrielle,3
6000000000258,Yolane,1
6000000000259,Roberta,3
6000000000260,Johna,2
6000000000261,Nollie,2
6000000000262,Calla,1
6000000000263,Gwyneth,2
6000000000264,Moyna,3
6000000000265,Regina,3
6000000000266,Marsiella,3
6000000000267,Leanna,2
6000000000268,Fayre,1
6000000000269,Fanny,1
6000000000270,Susette,2
6000000000271,Hayley,2
6000000000272,Lesly,3
6000000000273,Rhoda,2
6000000000274,Ernesta,3
6000000000275,Dawn,1
6000000000276,Kerrin,1
6000000000277,Lynea,3
6000000000278,Etta,1
6000000000279,Tiffie,3
6000000000280,Liana,1
6000000000281,Mamie,3
6000000000282,Ursulina,2
6000000000283,Lesly,3
6000000000284,Jany,3
6000000000285,Angela,1
6000000000286,Debee,1
6000000000287,Shaylyn,3
6000000000288,Ericka,3
6000000000289,Clo,3
6000000000290,Silvana,2
6000000000291,Marjie,3
6000000000292,Zsa Zsa,2
6000000000293,Kristan,2
6000000000294,Lucille,1
6000000000295,Latisha,1
6000000000296,Chastity,2
6000000000297,Jennica,1
6000000000298,Adore,3
6000000000299,Nariko,1
6000000000300,Dominga,3
6000000000301,Gabriellia,2
6000000000302,Roberta,3
6000000000303,Juliane,3
6000000000304,Johna,3
6000000000305,Edyth,1
6000000000306,Mady,3
6000000000307,Anica,1
6000000000308,Doralynne,2
6000000000309,Letizia,1
6000000000310,Daryl,2
6000000000311,Adele,2
6000000000312,Corry,2
6000000000313,Benita,3
6000000000314,Beverley,1
6000000000315,Hallie,3
6000000000316,Eadie,3
6000000000317,Georgina,1
6000000000318,Marika,1
6000000000319,Linzy,1
6000000000320,Kittie,2
6000000000321,Emylee,1
6000000000322,Sue,2
6000000000323,Ann-Marie,2
6000000000324,Gilda,1
6000000000325,Millie,2
6000000000326,Mara,3
6000000000327,Cristine,1
6000000000328,Rhoda,1
6000000000329,Joceline,3
6000000000330,Marita,3
6000000000331,Juliane,1
6000000000332,Alameda,1
6000000000333,Cordi,3
6000000000334,Joceline,2
6000000000335,Rori,2
6000000000336,Deedee,3
6000000000337,Henriette,2
6000000000338,Reeba,3
6000000000339,Jean,2
6000000000340,Sue,2
6000000000341,Lusa,3
6000000000342,Briney,3
6000000000343,Winifred,1
6000000000344,Karlee,3
6000000000345,Audrie,2
6000000000346,Selia,3
6000000000347,Meghann,1
6000000000348,Margette,2
6000000000349,Joelly,2
6000000000350,Tybie,1
6000000000351,Thalia,3
6000000000352,Teddie,2
6000000000353,Philis,1
6000000000354,Esmeralda,2
6000000000355,Kylynn,2
6000000000356,Deane,2
6000000000357,Lynde,3
6000000000358,Gusella,2
6000000000359,Leia,1
6000000000360,Kara-Lynn,2
6000000000361,Celestyna,3
6000000000362,Fanny,1
6000000000363,Tina,1
6000000000364,Angelique,3
6000000000365,Viviene,2
6000000000366,Dania,1
6000000000367,Sissy,1
6000000000368,Jerry,2
6000000000369,Chrystel,1
6000000000370,Libbie,3
6000000000371,Micheline,2
6000000000372,Adelle,3
6000000000373,Clarice,2
6000000000374,Alleen,3
6000000000375,Elyssa,1
6000000000376,Rhoda,3
6000000000377,Jaclyn,1
6000000000378,Dacia,1
6000000000379,Shirlee,3
6000000000380,Eve,3
6000000000381,Hayley,3
6000000000382,Noelle,2
6000000000383,Kenna,1
6000000000384,Dawn,2
6000000000385,Andeee,2
6000000000386,Ruthe,1
6000000000387,Dorice,2
6000000000388,Winifred,3
6000000000389,Lorne,2
6000000000390,Annaliese,3
6000000000391,Harrietta,1
6000000000392,Corina,3
6000000000393,Desirae,2
6000000000394,Rosabelle,2
6000000000395,Oona,1
6000000000396,Lynea,3
6000000000397,Lynea,2
6000000000398,Dyann,3
6000000000399,Ericka,1
6000000000400,Zondra,2
6000000000401,Felice,1
6000000000402,Chloris,2
6000000000403,Edyth,2
6000000000404,Oona,2
6000000000405,Letizia,1
6000000000406,Kimmy,1
6000000000407,Magdalena,1
6000000000408,Alia,1
6000000000409,Maridel,2
6000000000410,Neila,2
6000000000411,Raina,2
6000000000412,Heida,3
6000000000413,Livvyy,3
6000000000414,Inga,3
6000000000415,Kristina,1
6000000000416,Hayley,3
6000000000417,Eve,1
6000000000418,Alejandra,2
6000000000419,Glenda,3
6000000000420,Elka,2
6000000000421,Christian,1
6000000000422,Patricia,1
6000000000423,Stephanie,1
6000000000424,Linet,1
6000000000425,Joelly,1
6000000000426,Dagmar,2
6000000000427,Merle,3
6000000000428,Lanna,3
6000000000429,Chere,1
6000000000430,Benita,2
6000000000431,Romona,3
6000000000432,Lory,2
6000000000433,Stevana,3
6000000000434,Marcelline,3
6000000000435,Corly,1
6000000000436,Zondra,3
6000000000437,Dorthy,1
6000000000438,Eadie,1
6000000000439,Shannah,2
6000000000440,Aurelie,2
6000000000441,Lorenza,1
6000000000442,Gui,2
6000000000443,Gwyneth,3
6000000000444,Eadie,2
6000000000445,Kaia,2
6000000000446,Gavrielle,2
6000000000447,Ericka,2
6000000000448,Daphne,1
6000000000449,Mary,2
6000000000450,Liana,1
6000000000451,Lindie,3
6000000000452,Annice,3
6000000000453,Noelle,3
6000000000454,Marcelline,1
6000000000455,Rozele,1
6000000000456,Atlanta,3
6000000000457,Lexine,1
6000000000458,Peri,3
6000000000459,Sybille,1
6000000000460,Tami,1
6000000000461,Myrtice,1
6000000000462,Bernardine,2
6000000000463,Linet,1
6000000000464,Ardenia,2
6000000000465,Elka,2
6000000000466,Sybille,1
6000000000467,Ann-Marie,1
6000000000468,Arabel,3
6000000000469,Ethel,3
6000000000470,Gianina,3
6000000000471,Dorice,2
6000000000472,Christian,3
6000000000473,Fina,3
6000000000474,Ardeen,3
6000000000475,Nananne,1
6000000000476,Shaine,2
6000000000477,Celene,2
6000000000478,Lynnea,1
6000000000479,Queenie,3
6000000000480,Lanna,1
6000000000481,Marinna,3
6000000000482,Bibby,1
6000000000483,Ann-Marie,2
6000000000484,Coral,2
6000000000485,Camile,3
6000000000486,Correy,3
6000000000487,Ana,1
6000000000488,Sashenka,1
6000000000489,Karena,2
6000000000490,Zaria,3
6000000000491,Netty,3
6000000000492,Jinny,2
6000000000493,Christal,3
6000000000494,Tera,1
6000000000495,Sonni,3
6000000000496,Eolanda,1
6000000000497,Kassey,1
6000000000498,Genovera,1
6000000000499,Beatriz,3
6000000000500,Orsola,1
6000000000501,Evita,3
6000000000502,Estell,2
6000000000503,Fredericka,1
6000000000504,Bee,2
6000000000505,Rochette,2
6000000000506,Linet,3
6000000000507,Robbi,2
6000000000508,Alejandra,1
6000000000509,Cordi,2
6000000000510,Elfreda,2
6000000000511,Adelle,2
6000000000512,Hayley,2
6000000000513,Lexine,3
6000000000514,Lynnea,3
6000000000515,Alex,3
6000000000516,Jaclyn,3
6000000000517,Johna,2
6000000000518,Giustina,3
6000000000519,Shaine,1
6000000000520,Jackie,1
6000000000521,Brynna,1
6000000000522,Ricky,2
6000000000523,Kalina,2
6000000000524,Brynna,2
6000000000525,Viviene,1
6000000000526,Fidelia,3
6000000000527,Lyssa,1
6000000000528,Atlanta,2
6000000000529,Glynnis,3
6000000000530,Jessy,1
6000000000531,Cassandra,2
6000000000532,Kore,1
6000000000533,Mary,1
6000000000534,Brena,3
6000000000535,Mildrid,1
6000000000536,Tabbatha,2
6000000000537,Carmela,2
6000000000538,Rosanne,3
6000000000539,Lexine,2
6000000000540,Christy,3
6000000000541,Gusty,3
6000000000542,Kayla,1
6000000000543,Melisent,1
6000000000544,Max,1
6000000000545,Merci,2
6000000000546,Morganica,1
6000000000547,Aigneis,3
6000000000548,Aeriela,1
6000000000549,Jemie,1
6000000000550,Alameda,3
6000000000551,Ana,3
6000000000552,Edyth,1
6000000000553,Angela,3
6000000000554,Peri,2
6000000000555,Kara-Lynn,2
6000000000556,Gratia,2
6000000000557,Averyl,2
6000000000558,Jemie,1
6000000000559,Ezmeralda,3
6000000000560,Caressa,3
6000000000561,Lucy,2
6000000000562,Ofilia,3
6000000000563,Tamqrah,3
6000000000564,Kerrin,3
6000000000565,Karina,1
6000000000566,Lenna,3
6000000000567,Aubrie,1
6000000000568,Melina,2
6000000000569,Winifred,1
6000000000570,Selia,1
6000000000571,Mellicent,3
6000000000572,Dari,1
6000000000573,Nanete,3
6000000000574,Cindelyn,1
6000000000575,Oona,1
6000000000576,Angela,3
6000000000577,Ardeen,3
6000000000578,Shel,1
6000000000579,Caritta,2
6000000000580,Linet,3
6000000000581,Mady,3
6000000000582,Talya,2
6000000000583,Britte,2
6000000000584,Sara-Ann,3
6000000000585,Ivett,2
6000000000586,Bill,1
6000000000587,Aurelie,1
6000000000588,Dulce,1
6000000000589,Alia,3
6000000000590,Marleah,2
6000000000591,Kimmy,1
6000000000592,Kayla,2
6000000000593,Talya,1
6000000000594,Queenie,2
6000000000595,Claudina,3
6000000000596,Jenilee,2
6000000000597,Riannon,3
6000000000598,Gisela,1
6000000000599,Fina,1
6000000000600,Fredericka,1
6000000000601,Gwenneth,2
6000000000602,Corina,2
6000000000603,Kamilah,2
6000000000604,Genovera,1
6000000000605,Kirbee,2
6000000000606,Brandise,2
6000000000607,Jaime,1
6000000000608,Mellicent,2
6000000000609,Mara,3
6000000000610,Tressa,2
6000000000611,Susan,3
6000000000612,Anica,1
6000000000613,Shannah,1
6000000000614,Nataline,1
6000000000615,Raina,2
6000000000616,Amii,1
6000000000617,Hope,1
6000000000618,Britte,3
6000000000619,Alie,3
6000000000620,Desirae,3
6000000000621,Bill,2
6000000000622,Tabbatha,1
6000000000623,Ardys,3
6000000000624,Christian,1
6000000000625,Catrina,3
6000000000626,Yolane,3
6000000000627,Zia,1
6000000000628,Dulcinea,1
6000000000629,Tori,1
6000000000630,Margalo,3
6000000000631,Lorie,2
6000000000632,Claresta,2
6000000000633,Lauryn,2
6000000000634,Deedee,3
6000000000635,Mariann,3
6000000000636,Nataline,3
6000000000637,Tori,1
6000000000638,Chandra,2
6000000000639,Feliza,2
6000000000640,Dione,2
6000000000641,Brianna,1
6000000000642,Shell,1
6000000000643,Cassandra,2
6000000000644,Abbie,2
6000000000645,Fanchon,3
6000000000646,Neila,3
6000000000647,Cyb,2
6000000000648,Melodie,1
6000000000649,Audrie,3
6000000000650,Sheelagh,1
6000000000651,Celisse,2
6000000000652,Correy,3
6000000000653,Debee,1
6000000000654,Nataline,1
6000000000655,Jorry,2
6000000000656,Allis,1
6000000000657,Annice,1
6000000000658,Keelia,1
6000000000659,Jenda,2
6000000000660,Myrtice,3
6000000000661,Glynnis,1
6000000000662,Vanessa,1
6000000000663,Aimil,1
6000000000664,June,2
6000000000665,Hyacinthe,2
6000000000666,Bibby,1
6000000000667,Fred,1
6000000000668,Kittie,2
6000000000669,Tomasina,3
6000000000670,Lusa,2
6000000000671,Kelly,1
6000000000672,Heddie,3
6000000000673,Chickie,2
6000000000674,Berget,2
6000000000675,Louella,3
6000000000676,Micheline,2
6000000000677,Sharlene,3
6000000000678,Phedra,2
6000000000679,Yvonne,1
6000000000680,Sharlene,1
6000000000681,Ulrike,3
6000000000682,Amelia,1
6000000000683,Dorene,3
6000000000684,Kirstin,3
6000000000685,Raina,1
6000000000686,Britte,2
6000000000687,Shirlee,1
6000000000688,Cam,3
6000000000689,Blake,1
6000000000690,Konstance,2
6000000000691,Starla,2
6000000000692,Wendi,1
6000000000693,Dagmar,2
6000000000694,Nessie,2
6000000000695,Rosaline,2
6000000000696,Kara-Lynn,1
6000000000697,Tina,1
6000000000698,Vanessa,1
6000000000699,Evita,1
6000000000700,Carly,2
6000000000701,Linzy,2
6000000000702,Julieta,1
6000000000703,Hermione,1
6000000000704,Lilith,2
6000000000705,Queenie,1
6000000000706,Nickie,1
6000000000707,Madelle,3
6000000000708,Roseline,2
6000000000709,Maisey,2
6000000000710,Emelina,2
6000000000711,Nannie,2
6000000000712,Chere,2
6000000000713,Rebeca,3
6000000000714,Frances,3
6000000000715,Kelly,2
6000000000716,Elfreda,3
6000000000717,Anestassia,2
6000000000718,Jacenta,1
6000000000719,Renie,2
6000000000720,Melina,1
6000000000721,Hollie,1
6000000000722,Antonietta,1
6000000000723,Sidoney,3
6000000000724,Malina,2
6000000000725,Aurore,3
6000000000726,Corry,2
6000000000727,Zondra,3
6000000000728,Eve,1
6000000000729,Petronia,2
6000000000730,Esmeralda,1
6000000000731,Debee,2
6000000000732,Nita,1
6000000000733,Aimil,3
6000000000734,Maryellen,3
6000000000735,Ardenia,3
6000000000736,Cissiee,2
6000000000737,Micheline,1
6000000000738,Janenna,2
6000000000739,Georgetta,3
6000000000740,Aurore,1
6000000000741,Malina,2
6000000000742,Ardys,1
6000000000743,Sherrie,1
6000000000744,Carol-Jean,1
6000000000745,Krystle,1
6000000000746,Modestia,1
6000000000747,Etta,3
6000000000748,Ayn,1
6000000000749,Rosabelle,1
6000000000750,Lila,2
6000000000751,Myriam,3
6000000000752,Nelle,2
6000000000753,Paola,3
6000000000754,Krystle,1
6000000000755,Bernardine,3
6000000000756,Pollyanna,3
6000000000757,Kenna,2
6000000000758,Pollyanna,3
6000000000759,Mallory,1
6000000000760,Kate,2
6000000000761,Melisent,3
6000000000762,Aeriela,1
6000000000763,Bobbi,1
6000000000764,Bettine,1
6000000000765,Rebeca,1
6000000000766,Louella,3
6000000000767,Sara-Ann,1
6000000000768,Carmela,1
6000000000769,Violet,2
6000000000770,Leontine,2
6000000000771,Vere,3
6000000000772,Roberta,2
6000000000773,Aurore,3
6000000000774,Tabbatha,2
6000000000775,Nollie,3
6000000000776,Tatiania,2
6000000000777,Katuscha,1
6000000000778,Vita,1
6000000000779,Melina,1
6000000000780,Tracey,1
6000000000781,Nicoli,2
6000000000782,Myriam,2
6000000000783,Anica,1
6000000000784,Fanchon,3
6000000000785,Vita,1
6000000000786,Kore,1
6000000000787,Feliza,1
6000000000788,Genevra,2
6000000000789,Elfreda,3
6000000000790,Amii,2
6000000000791,Maye,2
6000000000792,Giustina,1
6000000000793,Katleen,2
6000000000794,Katuscha,1
6000000000795,Farrah,1
6000000000796,Hayley,1
6000000000797,Alyda,3
6000000000798,Kelly,2
6000000000799,Marylou,3
6000000000800,Joane,2
6000000000801,Darlleen,1
6000000000802,Orelia,2
6000000000803,Aubrie,2
6000000000804,Betta,1
6000000000805,Fidelia,3
6000000000806,Lanae,2
6000000000807,Magdalena,1
6000000000808,Berta,3
6000000000809,Alie,3
6000000000810,Tersina,1
6000000000811,Suzette,2
6000000000812,Mariann,1
6000000000813,Glynnis,1
6000000000814,Charlena,2
6000000000815,Gilda,2
6000000000816,Cathyleen,3
6000000000817,Dione,3
6000000000818,Johna,3
6000000000819,Oralee,2
6000000000820,Paule,3
6000000000821,Gwyneth,3
6000000000822,Tamqrah,2
6000000000823,Steffane,3
6000000000824,Melina,3
6000000000825,Ottilie,2
6000000000826,Trixi,1
6000000000827,Jenda,3
6000000000828,Sarette,2
6000000000829,Susan,3
6000000000830,Catharine,2
6000000000831,Larine,2
6000000000832,Joeann,1
6000000000833,Ivett,1
6000000000834,Beatriz,3
6000000000835,Jere,3
6000000000836,Ada,2
6000000000837,Kassey,3
6000000000838,Averyl,3
6000000000839,Ardeen,2
6000000000840,Cacilie,2
6000000000841,Celisse,2
6000000000842,Anica,3
6000000000843,Harmonia,2
6000000000844,Jinny,1
6000000000845,Mamie,2
6000000000846,Ricky,3
6000000000847,Rubie,3
6000000000848,Deedee,1
6000000000849,Madelle,1
6000000000850,Pollyanna,1
6000000000851,Clarice,3
6000000000852,Helsa,2
6000000000853,Kelly,3
6000000000854,Fred,2
6000000000855,Blake,2
6000000000856,Constance,1
6000000000857,Kathy,2
6000000000858,Ayn,1
6000000000859,Aimil,1
6000000000860,Gratia,3
6000000000861,Christian,3
6000000000862,Ofilia,2
6000000000863,Sibella,2
6000000000864,Lorenza,1
6000000000865,Heida,2
6000000000866,Marline,1
6000000000867,Cathyleen,2
6000000000868,Gavrielle,3
6000000000869,Ashlee,1
6000000000870,Dulce,1
6000000000871,Lorenza,3
6000000000872,Rebeca,2
6000000000873,Vinita,1
6000000000874,Korrie,2
6000000000875,Marcy,2
6000000000876,Danika,3
6000000000877,Jessamyn,3
6000000000878,Orelia,3
6000000000879,Elena,1
6000000000880,Justinn,3
6000000000881,Daphne,1
6000000000882,Hettie,1
6000000000883,Addia,2
6000000000884,Ulrike,3
6000000000885,Hettie,3
6000000000886,Jessy,2
6000000000887,Blake,3
6000000000888,Monika,3
6000000000889,Rani,2
6000000000890,Taffy,3
6000000000891,Genovera,2
6000000000892,Peri,1
6000000000893,Jackie,3
6000000000894,Ermengarde,3
6000000000895,Pollyanna,2
6000000000896,Berget,2
6000000000897,Dorene,3
6000000000898,Nanete,3
6000000000899,Frances,2
6000000000900,Bettine,1
6000000000901,Jemie,1
6000000000902,Janenna,1
6000000000903,Deedee,3
6000000000904,Nicoli,3
6000000000905,Shandie,2
6000000000906,Ottilie,3
6000000000907,Stacey,2
6000000000908,Teddie,2
6000000000909,Isa,2
6000000000910,Celene,2
6000000000911,Leona,2
6000000000912,Jessamyn,1
6000000000913,Shannah,2
6000000000914,Leanna,3
6000000000915,Shell,3
6000000000916,Joeann,1
6000000000917,Lynea,2
6000000000918,Jillayne,3
6000000000919,Vivia,2
6000000000920,Nikki,2
6000000000921,Fredericka,1
6000000000922,Tierney,2
6000000000923,Deirdre,1
6000000000924,Anthia,2
6000000000925,Vita,2
6000000000926,Di,3
6000000000927,Alia,3
6000000000928,Liana,1
6000000000929,Sheelagh,2
6000000000930,Sheree,1
6000000000931,Tomasina,2
6000000000932,Jere,3
6000000000933,Arabel,3
6000000000934,Nollie,3
6000000000935,Elsie,3
6000000000936,Lilith,3
6000000000937,Ericka,2
6000000000938,Vonny,2
6000000000939,Elfreda,2
6000000000940,Teddie,1
6000000000941,Sharlene,2
6000000000942,Tybie,1
6000000000943,Ellette,1
6000000000944,Linzy,1
6000000000945,Penelopa,3
6000000000946,Misha,2
6000000000947,Lolita,1
6000000000948,Eugine,3
6000000000949,Bill,1
6000000000950,Karlee,1
6000000000951,Dagmar,1
6000000000952,Alyda,1
6000000000953,Layla,3
6000000000954,Jany,1
6000000000955,Leia,3
6000000000956,Margarette,3
6000000000957,Carol-Jean,2
6000000000958,Melodie,2
6000000000959,Phedra,2
6000000000960,Charissa,3
6000000000961,Raf,1
6000000000962,Abbie,3
6000000000963,Tami,1
6000000000964,Bernardine,1
6000000000965,Sabina,3
6000000000966,Imojean,3
6000000000967,Lanna,1
6000000000968,Minne,2
6000000000969,Rosanne,1
6000000000970,Misha,3
6000000000971,Ermengarde,2
6000000000972,Lulita,3
6000000000973,Nariko,3
6000000000974,Daune,1
6000000000975,Katuscha,3
6000000000976,Berta,3
6000000000977,Danny,2
6000000000978,Juliane,2
6000000000979,Heida,2
6000000000980,Florie,3
6000000000981,Jenilee,3
6000000000982,Amalie,2
6000000000983,Nannie,3
6000000000984,Tiffie,3
6000000000985,Merry,1
6000000000986,Lolita,3
6000000000987,Almeta,2
6000000000988,Nerta,2
6000000000989,Etta,2
6000000000990,Starla,2
6000000000991,Janeczka,1
6000000000992,Lorie,1
6000000000993,Shannah,1
6000000000994,Florie,3
6000000000995,Lexine,1
6000000000996,Lucille,2
6000000000997,Cassandra,2
6000000000998,Vita,3
6000000000999,Darlleen,1
6000000001000,Neila,2
6000000001001,Daryl,1